1,PVP5ZJuI57c,"[어벤져스: 엔드게임] 메인 예고편",YouTube,1080,Trailer,299534
2,UIjhdURK7JQ,"슈퍼파워 종합세트, 핵인싸 히어로 탄생! [샤잠!] 메인 예고편",YouTube,1080,Trailer,287947
3,qY8IjzYOA8w,"[명탐정 피카츄] 메인 예고편",YouTube,1080,Trailer,447404
4,n1Xz13zlWWw,"[캡틴 마블] 메인 예고편",YouTube,1080,Trailer,299537
5,Ce0emmx6Ky0,"[더 보이] 해외 유수 매체들이 뽑은 2019년 최고 기대작!",YouTube,1080,Trailer,531309
6,F0kvfk1ghjA,"[어벤져스: 인피니티워] 메인예고편(4월말버전)",YouTube,1080,Trailer,299536
7,PJ_KD9FMaoA,"[콜드 체이싱] 메인 예고편",YouTube,1080,Trailer,438650
8,0dlYQUzUdq4,"「映画ドラえもん のび太の宝島」予告3（星野源 主題歌「ドラえもん」ver.）【2018年3月3日公開】",YouTube,1080,Trailer,495925
9,AcTh8rqs2Fc,"[헬보이] 메인 예고편",YouTube,1080,Trailer,456740
10,lcoOPX6jSP0,"[존 윅 3: 파라벨룸] 티저 예고편",YouTube,1080,Trailer,458156
11,WyRv4tz9SyQ,"[공포의 묘지] 메인 예고편",YouTube,1080,Trailer,157433
12,wzkM1exSxZU,"[장난스런 키스] 메인 예고편",YouTube,1080,Trailer,576393
13,pxUxFJTGB8o,"[글래스] 2019년 최고의 화제작다운 강렬한 메인 예고편 공개!",YouTube,1080,Trailer,450465
14,mck3JCl2uwQ,"어벤져스 한글 1080P 예고편 - Avengers Trailer (Sub.KOR)",YouTube,1080,Trailer,24428
15,3udi2zGR1ko,"영화 애프터(2019) 공식 예고편 조세핀 랭포드 & 히어로 파인즈 디핀 주연",YouTube,1080,Trailer,537915
16,CNIs_GTfAGY,"나는 악마를 사랑했다 | 공식 예고편 [HD] | Netflix",YouTube,1080,Trailer,457799
17,k0DF4LSG1z8,"[블랙 팬서] 메인 예고편",YouTube,1080,Trailer,284054
18,pxR6cKkPzNo,"[토르: 라그나로크] 메인 예고편",YouTube,1080,Trailer,284053
19,-nMTzdo-E1w,"[드래곤 길들이기 3] 메인 예고편",YouTube,1080,Trailer,166428
20,mTA0ne_TXN4,"가디언즈 오브 갤럭시 공식 예고편",YouTube,1080,Trailer,118340
21,UI2opSniclI,"[가디언즈 오브 갤럭시 VOL.2] 메인예고편",YouTube,1080,Trailer,283995
22,gffB1HO3azU,"[덤보] 메인 예고편",YouTube,1080,Trailer,329996
23,vhkCBOsOoYY,"[스파이더맨: 뉴 유니버스] 3차 예고편",YouTube,1080,Trailer,324857
24,4hkqJslR5bg,"키아누 리브스 ‘존 윅’ 메인 예고편 공개(John Wick Official Trailer, Keanu Reeves, Willem Dafoe)",YouTube,720,Trailer,245891
25,phkH_Xm-eD0,"[로건] 티저 예고편",YouTube,1080,Trailer,263115
26,xmYifU6bjro,"어벤져스 : 에이지 오브 울트론 2차 예고편",YouTube,1080,Trailer,99861
27,fLSPWvZCpa0,"와인 컨트리 | 공식 예고편 [HD] | Netflix",YouTube,1080,Trailer,513083
28,cgrjDNqiMPI,"토르 천둥의 신",YouTube,360,Trailer,10195
29,yTE7vwwcC7s,"[알리타: 배틀 엔젤] 메인 예고편",YouTube,1080,Trailer,399579
30,enm2sSSgE-Q,"[어스] 메인 예고편",YouTube,1080,Trailer,458723
31,N7uu8v34HU8,"[아쿠아맨] 파이널 예고편",YouTube,1080,Trailer,297802
32,BubTvW_T2YM,"[앤트맨과 와스프] 메인 예고편",YouTube,1080,Trailer,363088
33,hgCmHTDMZig,"아이언맨 - 예고편 (자막)",YouTube,1080,Trailer,1726
34,_MJISxvLmVo,"호빗: 다섯 군대의 전투 - 공식 티저 예고편 한글 자막",YouTube,1080,Trailer,122917
35,KrM3vS5sy2w,"[알라딘] 메인 예고편",YouTube,1080,Trailer,420817
36,0IgrxiDr980,"퍼스트 어벤저 티저예고편",YouTube,360,Trailer,1771
37,oncO0SdY8pw,"[주먹왕 랄프 2: 인터넷 속으로] 메인 예고편",YouTube,1080,Trailer,404368
38,9MNHV5A7YLA,"범블비ㅣ메인 예고편",YouTube,1080,Trailer,424783
39,5k2hEJ98cQU,"다크 나이트(The Dark Knight, 2008) 메인 예고편|PLAYYMOVIE",YouTube,1080,Trailer,155
40,yKX2VrYpCp8,"[데드풀 2] 메인 예고편",YouTube,720,Trailer,383498
41,1rRT7mpZkGw,"[스파이더맨: 홈커밍] 본 예고편",YouTube,1080,Trailer,315635
42,vtJ6eZRanHc,"'해리포터와 마법사의 돌' 재개봉 기념 4DX 예고편",YouTube,1080,Trailer,671
43,P--dYmDhXvA,"[프로디지] 파이널 예고편",YouTube,1080,Trailer,532671
44,shrhba5-v8A,"[요로나의 저주] 메인 예고편",YouTube,1080,Trailer,480414
45,vjaj4tGFlzM,"[신비한 동물들과 그린델왈드의 범죄] 메인 예고편",YouTube,1080,Trailer,338952
46,_MTXJMeT1vY,"캡틴 아메리카: 시빌 워  1차 예고편",YouTube,1080,Trailer,271110
47,uQmu3hwhKzs,"[이스케이프 룸] 3월 개봉 확정! #인시디어스4 감독 X #분노의질주 제작진",YouTube,1080,Trailer,522681
48,G7VijpXyAXI,"[스타워즈: 깨어난 포스] 메인 예고편",YouTube,1080,Trailer,140607
49,KNjvnxIFA94,"앤트맨 메인 예고편",YouTube,1080,Trailer,102899
50,gAQPlRxUPjc,"하이웨이맨 | 공식 예고편 [HD] | Netflix",YouTube,1080,Trailer,500682
51,7OIzI2_Byds,"반지의 제왕 : 반지 원정대 - Trailer",YouTube,1080,Trailer,120
52,Og71gOvgn6M,"토르 : 다크 월드 - 예고편",YouTube,1080,Trailer,76338
53,xNcJ0lIDPkE,"[닥터 스트레인지] 2차 예고편",YouTube,1080,Trailer,284052
54,KI322kD7lNk,"[베놈] 3차 예고편",YouTube,1080,Trailer,335983
55,wftbUzAEnb4,"[라스트 미션] 메인 예고편",YouTube,1080,Trailer,504172
56,tH-s5HuITvY,"[해피 데스데이 2 유] 메인 예고편",YouTube,1080,Trailer,512196
57,UqBfpeO8Tqo,"아이언맨 3 - Trailer",YouTube,1080,Trailer,68721
58,-6Lgw7UcaaE,"MISS BALA (미스발라) - Official Trailer (2019) Movie  액션,스릴러영화예고편",YouTube,1080,Trailer,500852
59,XTZko22Ze3o,"[보헤미안 랩소디] 메인예고편",YouTube,1080,Trailer,424694
60,0hhyRnb2T3Y,"[모털 엔진] 파이널 예고편",YouTube,1080,Trailer,428078
61,JtDlKDhP4BY,"아이언맨2 예고편",YouTube,360,Trailer,10138
62,MhylrGLoe2w,"데드풀(Deadpool) 한글자막 예고편 #1",YouTube,1080,Trailer,293660
63,5s8hdouZmG8,"'해리포터와 비밀의 방' 4DX 2월 20일 대개봉",YouTube,1080,Trailer,672
64,TEbL1TAMicU,"[유랑지구] 2차 예고편 (4월 18일 대개봉)",YouTube,1080,Trailer,535167
65,grVWk-ajOwY,"[원더 우먼] 메인 예고편",YouTube,1080,Trailer,297762
66,aLYLNFTV1Ks,"인터스텔라  INTERSTELLAR  1차 공식 예고편 (한국어 CC)",YouTube,1080,Trailer,157336
67,z2O9-S9deJU,"[레고 무비2] 메인 예고편",YouTube,1080,Trailer,280217
68,ZJEDQeeB8eo,"[메리 포핀스 리턴즈] 메인 예고편",YouTube,1080,Trailer,400650
69,zON6Mu9_PC0,"[인크레더블 2] 메인 예고편",YouTube,1080,Trailer,260513
70,naYHg7lcS1Q,"[스파이더맨: 파 프롬 홈] 공식 티저 예고편",YouTube,1080,Trailer,429617
71,0Y9OPEAGzx8,"[미션 임파서블 : 폴아웃] 2차 예고편",YouTube,1080,Trailer,353081
72,SGTPy58VeNM,"[크리드2] 1차 예고편",YouTube,1080,Trailer,480530
73,-YSrn9rNDDw,"[스타워즈: 라스트 제다이] 메인 예고편",YouTube,1080,Trailer,181808
74,fbnjaOC3ROo,"[엑스맨: 데이즈 오브 퓨처 패스트] 메인 예고편",YouTube,1080,Trailer,127585
75,MEzic_79JBA,"[한 솔로: 스타워즈 스토리] 메인 예고편",YouTube,1080,Trailer,348350
76,EQWqsdOjvG8,"[메이즈 러너] 메인 예고편",YouTube,1080,Trailer,198663
77,PzpZ4aHMXVg,"[엑스맨: 다크피닉스] 메인 예고편",YouTube,1080,Trailer,320288
78,wQVi5Bcksdk,"[쥬라기 월드: 폴른 킹덤] 파이널 예고편",YouTube,1080,Trailer,351286
79,K4OJXmoakF4,"주토피아 공식 예고편",YouTube,1080,Trailer,269149
80,Rvlv3YYWypY,"[저스티스 리그] 1차 예고편",YouTube,1080,Trailer,141052
81,6e3HL75yZz0,"[배트맨 대 슈퍼맨: 저스티스의 시작] 파이널 예고편",YouTube,1080,Trailer,209112
82,LJocntQMo34,"어쩌다 로맨스 | 공식 예고편 [HD] | Netflix",YouTube,1080,Trailer,449563
83,bbh1NIpDo-c,"[겨울왕국]메인 예고편",YouTube,1080,Trailer,109445
84,8_FgQDyYrv0,"[블레이드 러너 2049] 3차 예고편",YouTube,1080,Trailer,335984
85,S0xxtl3rSw0,"[그린북] 메인 예고편(1/9 대개봉)",YouTube,1080,Trailer,490132
86,zS0BA8FnnKc,"아바타 예고편 한글자막 HD [720o]",YouTube,720,Trailer,19995
87,zQrnZXZCStY,"[스타 이즈 본] 예고편",YouTube,1080,Trailer,332562
88,ObdjZjGwbbU,"서스페리아 (2018)  [ 공식 예고편 ] 한글 자막 / Suspiria Official Trailer",YouTube,1080,Trailer,361292
89,HyzDpf20VRA,"대부 특별영상",YouTube,480,Trailer,238
90,-gg0WuqiVXI,"라스트 썸머 | 공식 예고편 [HD] | Netflix",YouTube,1080,Trailer,502292
91,jz49pz3kIF4,"[더 넌] 메인 예고편",YouTube,1080,Trailer,439079
92,OEYngTXMUwY,"[왕이 될 아이] 메인예고편",YouTube,1080,Trailer,454294
93,bwiuWc0DNHc,"[엑스맨: 아포칼립스] 파이널 예고편 공개",YouTube,1080,Trailer,246655
94,3PkkHsuMrho,"The Hunger Games: Mockingjay - Part 1 Official Trailer #1 (2014) - THG Movie HD",YouTube,720,Trailer,131631
95,QzSkaWmjIpY,"스파이더맨 3 -- 예고편",YouTube,1080,Trailer,559
96,bbR_3E_nq48,"[쥬라기 월드] Welcome 예고편",YouTube,720,Trailer,135397
97,xcqCzp1vKmQ,"호빗 뜻밖의 여정 2차 예고편 개봉일",YouTube,720,Trailer,49051
98,qSfnoV9ESng,"[신비한 동물사전] 3차 예고편",YouTube,1080,Trailer,259316
99,rBKlWPmdFKE,"140808 명화극장 레옹 예고",YouTube,1080,Teaser,101
100,hAWgzLTa3gI,"[마션] 1차 예고편",YouTube,1080,Trailer,286217
101,6lA7LnX2PHA,"벨벳 버즈소 | 공식 예고편 [HD] | Netflix",YouTube,1080,Trailer,463684
102,EpQVbvJ3TFo,"폴라 | 공식 예고편 [HD] | Netflix",YouTube,1080,Trailer,483906
103,tvR7mbk65qk,"위플래쉬  WHIPLASH  공식 예고편 (한국어 CC)",YouTube,1080,Trailer,244786